customer_id,name,email,phone,city,join_date
CUST-10000,Saumya Sabharwal,aryadayamai@example.com,+910817315054,Ajman,2025-11-07
CUST-10001,Advaith Gade,ishachacko@example.net,+910284492144,Sharjah,2025-01-07
CUST-10002,Darika Naidu,dsant@example.org,+910946983643,Ajman,2024-07-21
CUST-10003,Watika Keer,abdulpant@example.org,2212321563,Sharjah,2026-03-14
CUST-10004,Raghav Naidu,xmerchant@example.net,5971761607,Abu Dhabi,2025-11-15
CUST-10005,Ekantika Misra,jpatel@example.com,+913325194696,Dubai,2025-07-05
CUST-10006,Joshua Rana,wagleekaraj@example.org,03263943438,Sharjah,2025-05-27
CUST-10007,Samaksh Nagarajan,sachdevcaleb@example.org,+911578005636,Dubai,2025-12-18
CUST-10008,Jyoti Hari,sodhiadvay@example.org,07735911854,Ajman,2026-06-09
CUST-10009,Siddharth De,patelpranav@example.org,9132172369,Sharjah,2026-01-31
CUST-10010,Kashvi Bajwa,kapoorlopa@example.com,+918311500506,Abu Dhabi,2026-03-11
CUST-10011,Kevin Mahal,semishani@example.com,+911027499443,Abu Dhabi,2024-11-06
CUST-10012,Vidhi Luthra,puriatharv@example.org,+919124092584,Ajman,2025-11-14
CUST-10013,Owen Dani,ssastry@example.org,03778252180,Dubai,2024-11-06
CUST-10014,Logan Sankaran,yashodharasehgal@example.com,04377630565,Ajman,2025-06-21
CUST-10015,Nihal Prashad,baralyashodhara@example.org,05087240746,Sharjah,2025-10-27
CUST-10016,Oni Naidu,danielbail@example.com,09819725682,Dubai,2025-07-22
CUST-10017,Yashawini Bansal,unnioommen@example.org,+918025206554,Ajman,2026-03-05
CUST-10018,Girish Rai,panchalyahvi@example.net,+918816593636,Sharjah,2025-03-02
CUST-10019,Yadavi Guha,kaijhaveri@example.net,03399291113,Ajman,2026-04-04
CUST-10020,Girik Dara,yashkorpal@example.com,6782044022,Sharjah,2024-07-06
CUST-10021,Urmi More,oscarreddy@example.com,6030418375,Dubai,2025-11-03
CUST-10022,Balhaar Rau,wramesh@example.net,+917587636392,Dubai,2025-10-26
CUST-10023,Wahab Dada,finnnadkarni@example.com,05882226465,Abu Dhabi,2026-04-09
CUST-10024,Chandran Wali,farasmore@example.org,3896718102,Ajman,2025-07-31
CUST-10025,Januja Ghosh,chhabragavin@example.net,+913310052106,Ajman,2024-09-11
CUST-10026,Kamya Banerjee,sundaramoliver@example.org,5750789320,Sharjah,2025-05-11
CUST-10027,Edhitha Maharaj,inayatank@example.com,+915180889837,Ajman,2025-11-14
CUST-10028,Barkha Datta,kamyabobal@example.org,+916987894153,Abu Dhabi,2025-05-14
CUST-10029,Vasatika Muni,yug22@example.net,6606538707,Dubai,2025-02-23
CUST-10030,Adweta Tella,tanvi89@example.org,+913927306894,Ajman,2025-05-13
CUST-10031,Rudra Ramachandran,kalabawa@example.org,+912076467848,Dubai,2025-05-17
CUST-10032,Kevin Wable,myadav@example.com,5969271559,Sharjah,2026-05-06
CUST-10033,Deepa Grewal,wriddhishbhargava@example.net,04528481569,Dubai,2024-10-24
CUST-10034,Tanish Bath,neelbakshi@example.org,+919846941938,Dubai,2024-09-05
CUST-10035,Guneet Pau,inayaraja@example.org,+919011969923,Dubai,2026-05-01
CUST-10036,Triveni Bhasin,dde@example.org,00302161535,Ajman,2026-06-09
CUST-10037,Hardik Agate,zarna00@example.org,01187759398,Abu Dhabi,2025-06-18
CUST-10038,Arunima Joshi,nakul65@example.org,07221926275,Abu Dhabi,2026-06-21
CUST-10039,Maya Rout,hchoudhary@example.net,5889024054,Dubai,2026-01-29
CUST-10040,Finn Dave,tram@example.net,09660897167,Abu Dhabi,2024-07-17
CUST-10041,Abdul Lata,leenaahluwalia@example.org,+910534556813,Sharjah,2024-11-08
CUST-10042,Shravya Pradhan,hmukherjee@example.com,4110103086,Ajman,2026-06-10
CUST-10043,Faris Khalsa,lukesunder@example.com,5891721403,Abu Dhabi,2025-01-01
CUST-10044,Advik Sarin,barkharandhawa@example.org,+918066172237,Dubai,2025-08-01
CUST-10045,Udant Dani,keya50@example.org,0188217565,Ajman,2024-11-05
CUST-10046,Nakul Kibe,timothy87@example.org,+913185781755,Abu Dhabi,2024-07-12
CUST-10047,Jalsa Ratti,kakarxavier@example.org,8954601416,Dubai,2024-10-02
CUST-10048,Bimala Rajan,onveer65@example.org,+910314579509,Ajman,2024-07-09
CUST-10049,Kalpit Yohannan,vedikaagate@example.net,+912215846919,Dubai,2026-01-26
CUST-10050,Riya Borra,arunima58@example.net,4896389592,Dubai,2024-09-22
CUST-10051,Ranbir Sura,manderazad@example.org,5013410466,Dubai,2024-12-21
CUST-10052,Tara Brahmbhatt,madanmeera@example.com,09744110023,Ajman,2026-04-21
CUST-10053,Nandini Pathak,sudikshahegde@example.org,08937915742,Sharjah,2025-01-08
CUST-10054,Rachita Bedi,mukhopadhyayaachal@example.com,0311609500,Dubai,2025-07-14
CUST-10055,Pushti Karan,kalaekantika@example.com,3292015168,Abu Dhabi,2024-07-17
CUST-10056,Libni Edwin,basakedhitha@example.com,+913692863318,Ajman,2025-07-29
CUST-10057,Baljiwan Mann,chakrabartiekaraj@example.org,5483524780,Dubai,2025-07-28
CUST-10058,Falan Dave,dbahri@example.net,5546811768,Abu Dhabi,2025-02-10
CUST-10059,Ekanta Singhal,aadiprasad@example.org,06428555447,Ajman,2026-02-20
CUST-10060,Dakshesh Sodhi,victor98@example.com,4030989278,Sharjah,2024-12-31
CUST-10061,William Sankaran,ishitasawhney@example.net,02091158287,Ajman,2024-07-26
CUST-10062,Aarnav Ramaswamy,pratyush70@example.net,+918403885697,Ajman,2024-07-26
CUST-10063,Lohit Thakur,pkhalsa@example.org,9865381045,Sharjah,2026-04-30
CUST-10064,Frederick Nagi,jyoti53@example.net,05434867430,Abu Dhabi,2026-06-18
CUST-10065,Jhalak Badami,lgupta@example.com,+919064522878,Abu Dhabi,2026-03-07
CUST-10066,Janya Basu,veerdar@example.net,5780018257,Dubai,2026-03-04
CUST-10067,Manthan Sinha,chandanisarna@example.org,8057302593,Ajman,2026-03-03
CUST-10068,Hritik Natt,swamydhruv@example.com,2303190626,Sharjah,2024-12-16
CUST-10069,David Kamdar,ekbal01@example.net,2780109412,Abu Dhabi,2025-12-07
CUST-10070,Eshana Amble,mason02@example.org,+912152828262,Dubai,2024-12-30
CUST-10071,Aahana Jani,guptafaras@example.org,09212585712,Dubai,2024-09-22
CUST-10072,Tanveer Agate,wdoctor@example.com,+914398514127,Abu Dhabi,2026-01-16
CUST-10073,Kalpit Ganguly,deshmukhekaja@example.org,+910752852574,Abu Dhabi,2024-07-08
CUST-10074,Sarthak Murthy,panininatarajan@example.org,+914614697280,Dubai,2026-06-25
CUST-10075,Udarsh Sane,chamelimandal@example.com,9772212343,Abu Dhabi,2024-08-03
CUST-10076,Indira Contractor,sathvik93@example.com,+914357200390,Dubai,2026-06-12
CUST-10077,Naveen Devi,nagarajanoviya@example.net,2652103128,Ajman,2026-06-07
CUST-10078,Isaac Kashyap,chamandixit@example.com,06367452982,Sharjah,2025-03-20
CUST-10079,Jai Barad,gangulydaksh@example.net,4829021347,Ajman,2024-09-22
CUST-10080,Hemal Peri,faqid12@example.com,03279318131,Abu Dhabi,2024-07-18
CUST-10081,Sarthak Borde,adweta21@example.com,04231988431,Ajman,2025-09-26
CUST-10082,Hemang Bains,gagan48@example.net,00197428866,Abu Dhabi,2025-04-10
CUST-10083,Laban Iyer,pillaylucky@example.com,7494774632,Ajman,2025-01-27
CUST-10084,Harita Kade,jchada@example.net,+919418672933,Sharjah,2025-06-11
CUST-10085,Lakshmi Chander,singhalzaitra@example.net,+913965216281,Ajman,2025-12-01
CUST-10086,Shaurya Mutti,broy@example.org,7257811502,Sharjah,2025-06-15
CUST-10087,Gavin Karan,ranasimon@example.org,01266968830,Sharjah,2025-11-05
CUST-10088,Abdul Kothari,elijah47@example.org,09647849145,Dubai,2025-01-31
CUST-10089,Ekalinga Borah,cchacko@example.net,+912314818521,Ajman,2026-02-07
CUST-10090,Michael Chhabra,bsarma@example.com,+912538658077,Abu Dhabi,2026-01-26
CUST-10091,Tarak Anne,gaurangi29@example.net,09879471096,Abu Dhabi,2025-07-18
CUST-10092,Balhaar Shankar,darsh53@example.org,+916709188335,Ajman,2025-10-27
CUST-10093,Triveni Ben,pratyush41@example.org,5810913032,Sharjah,2025-03-09
CUST-10094,Zaitra Bandi,ubika74@example.com,+914323088960,Ajman,2025-08-29
CUST-10095,Tara Datta,vghose@example.net,01948330538,Sharjah,2025-09-26
CUST-10096,Dakshesh Toor,warinder40@example.org,4735410049,Dubai,2025-01-27
CUST-10097,Ganga Sant,janiadvay@example.org,09647948833,Dubai,2025-05-26
CUST-10098,Ekavir Sood,ekapadraju@example.net,00152047341,Sharjah,2025-05-12
CUST-10099,Shravya Mand,odayal@example.com,+912396916161,Sharjah,2026-01-28
CUST-10100,Abhiram Parmer,samiraghav@example.org,07445849790,Abu Dhabi,2026-05-17
CUST-10101,Gaurang Swaminathan,galatriya@example.com,01200836002,Ajman,2025-05-28
CUST-10102,Rudra Nazareth,psheth@example.net,+917654472551,Dubai,2024-11-02
CUST-10103,Pratyush Doshi,loganmaharaj@example.com,04532573462,Dubai,2025-05-31
CUST-10104,Vyanjana Sankaran,chaturade@example.com,03570192412,Abu Dhabi,2025-11-13
CUST-10105,Anthony Muni,qchada@example.org,6099917567,Sharjah,2025-06-16
CUST-10106,Gaurav Mittal,unni71@example.com,+912923797156,Sharjah,2025-02-07
CUST-10107,Charles Raman,ydubey@example.net,1485861209,Ajman,2025-01-22
CUST-10108,Aishani Apte,urvashisethi@example.net,1479720353,Sharjah,2024-07-23
CUST-10109,Jeremiah Butala,ekalinga38@example.com,2319378939,Ajman,2024-11-19
CUST-10110,Nicholas Jayaraman,ryandas@example.com,06921897492,Ajman,2026-02-07
CUST-10111,Balhaar Parekh,aarna84@example.org,6133113784,Abu Dhabi,2026-01-17
CUST-10112,Urmi Samra,barmanhenry@example.org,6088269979,Ajman,2025-12-22
CUST-10113,Janaki Lata,ishani36@example.com,09311920713,Dubai,2024-08-01
CUST-10114,Kabir Parsa,vbobal@example.com,08939551523,Sharjah,2025-08-08
CUST-10115,Ekapad Gour,vinayayadav@example.net,9176200548,Dubai,2025-02-07
CUST-10116,Dipta Walia,meera01@example.net,1545395796,Ajman,2025-05-17
CUST-10117,Kalpit Grover,dev77@example.org,06498452689,Sharjah,2026-03-15
CUST-10118,Fariq Vig,davegunbir@example.com,+915730973983,Sharjah,2025-11-25
CUST-10119,Vihaan Singh,farissem@example.com,+912801237802,Abu Dhabi,2025-07-19
CUST-10120,Triveni Lala,azaansunder@example.com,6224473884,Dubai,2025-02-24
CUST-10121,Balveer Bhardwaj,rajata95@example.net,+916627043416,Dubai,2025-09-02
CUST-10122,Ojas Ganesh,george74@example.com,1098240919,Abu Dhabi,2026-02-09
CUST-10123,Yatin Lata,hemanginibal@example.net,06573178811,Sharjah,2026-03-07
CUST-10124,Aarini Parsa,mdube@example.net,7322085453,Dubai,2025-11-03
CUST-10125,Deepa Nagi,isen@example.org,06346015637,Dubai,2024-12-23
CUST-10126,Abeer Lalla,bhaktaisaac@example.org,+912372857861,Ajman,2024-10-15
CUST-10127,Vedhika Rastogi,royyachana@example.com,04330126118,Sharjah,2026-04-25
CUST-10128,Xavier Chowdhury,ikshita40@example.org,8193662858,Ajman,2026-05-11
CUST-10129,Nirja Bal,wnair@example.com,05897378908,Dubai,2025-01-31
CUST-10130,Wriddhish Acharya,zayyanraval@example.net,3386746618,Sharjah,2026-03-29
CUST-10131,Yutika Balan,dhegde@example.net,2242143061,Dubai,2025-06-29
CUST-10132,Neelima Gandhi,iyeraditya@example.com,+912644490132,Ajman,2025-01-25
CUST-10133,Pratyush Gaba,tanish27@example.com,6478879139,Abu Dhabi,2024-09-22
CUST-10134,Janya Ratti,indrajitrandhawa@example.org,00249033626,Abu Dhabi,2025-02-24
CUST-10135,Fariq Zachariah,qadim34@example.com,4258961710,Abu Dhabi,2026-04-08
CUST-10136,Eta Nair,lshanker@example.com,+915860413494,Dubai,2025-09-25
CUST-10137,Isha Pandey,kondanakul@example.org,4948644385,Dubai,2025-05-18
CUST-10138,Caleb Rout,utkarshmanne@example.com,+914521920836,Sharjah,2025-12-06
CUST-10139,Alka Buch,agastya61@example.org,05824554934,Dubai,2025-09-01
CUST-10140,Guneet Palan,yahvi90@example.com,4559738382,Sharjah,2024-12-16
CUST-10141,Udarsh Pandey,vaishnavi16@example.net,08161664550,Abu Dhabi,2025-09-02
CUST-10142,Avi Chahal,gmannan@example.org,3194927477,Abu Dhabi,2025-08-27
CUST-10143,Arya Naidu,ojasvi43@example.com,09636800854,Abu Dhabi,2024-07-23
CUST-10144,Ishwar Loyal,rsathe@example.net,6759199552,Sharjah,2025-02-01
CUST-10145,Neel Dutt,zehaanbali@example.org,07681393798,Ajman,2025-07-28
CUST-10146,Ethan Yohannan,pmani@example.org,2504219489,Sharjah,2025-08-10
CUST-10147,Max Brahmbhatt,doraishanvi@example.org,+913809626783,Ajman,2025-04-21
CUST-10148,Ranbir Bhargava,jainhredhaan@example.net,04649188781,Sharjah,2024-10-01
CUST-10149,Peter Dugal,yahvi72@example.org,05714338595,Sharjah,2026-04-05
CUST-10150,Priya Chaudry,agrawalamaira@example.org,+913272772250,Dubai,2024-11-21
CUST-10151,Bhavika Bhardwaj,ishwarmukherjee@example.net,04720354831,Ajman,2025-05-06
CUST-10152,Harshil Madan,trivenibal@example.net,09512617860,Sharjah,2025-07-13
CUST-10153,Gunbir Suresh,adwetatara@example.org,+910637057081,Ajman,2026-04-28
CUST-10154,Wahab Dugal,anirudh47@example.net,+917445544619,Abu Dhabi,2025-10-25
CUST-10155,Harrison Raman,zramakrishnan@example.com,3941088506,Ajman,2025-06-23
CUST-10156,Ekavir Ramanathan,kashish32@example.org,04094475029,Dubai,2025-05-21
CUST-10157,Nirja Thakur,hiralwagle@example.com,+910815166617,Ajman,2024-12-09
CUST-10158,Yashasvi Mannan,luckyuppal@example.com,+917126751664,Abu Dhabi,2025-08-18
CUST-10159,Finn Sahota,jyotikaran@example.org,08439020696,Abu Dhabi,2026-03-02
CUST-10160,Veer Baria,hsha@example.org,+912516537417,Dubai,2026-04-17
CUST-10161,Rachana Banerjee,baradzaid@example.net,9642707235,Abu Dhabi,2026-01-28
CUST-10162,Leena Dyal,pverma@example.org,+917324889566,Sharjah,2026-05-01
CUST-10163,Anvi Ben,modyyash@example.org,00732759792,Sharjah,2024-07-25
CUST-10164,Nachiket Dalal,chamankapur@example.com,+917600070371,Dubai,2025-03-07
CUST-10165,Logan Devi,gauravsaha@example.net,09924754144,Dubai,2025-03-30
CUST-10166,David Thakur,tsoni@example.net,+910414208248,Sharjah,2025-09-24
CUST-10167,Mohammed Mukherjee,zchaudry@example.com,+917345478903,Dubai,2024-11-30
CUST-10168,Omya Natarajan,tanish74@example.net,5326266120,Dubai,2026-02-07
CUST-10169,Isaac Goel,bandiandrew@example.org,+917261494472,Sharjah,2024-08-09
CUST-10170,Tamanna Bajwa,brarjeet@example.com,02120662193,Ajman,2025-04-15
CUST-10171,Max Kade,xsoni@example.net,4391528368,Sharjah,2024-12-07
CUST-10172,Michael Pandya,harrisonahuja@example.org,+914980735997,Abu Dhabi,2026-04-27
CUST-10173,Vasudha Raval,bandimaanav@example.net,+912765981158,Sharjah,2026-05-08
CUST-10174,Kritika Kunda,singhalandrew@example.com,9162161432,Ajman,2025-10-26
CUST-10175,Champak Nagy,dgole@example.net,+915170723630,Sharjah,2025-01-20
CUST-10176,Lipika Madan,wkhurana@example.org,09203439193,Dubai,2024-07-15
CUST-10177,Turvi Agate,ria72@example.com,07325083596,Abu Dhabi,2025-03-07
CUST-10178,Pranav Gokhale,ppal@example.net,00015631759,Sharjah,2024-08-11
CUST-10179,Daniel Joshi,lpal@example.org,0713611145,Abu Dhabi,2025-11-23
CUST-10180,Devansh Mittal,viraj45@example.org,+916467286650,Sharjah,2025-06-03
CUST-10181,Pahal Sarna,tankzilmil@example.net,04676083910,Abu Dhabi,2026-01-02
CUST-10182,Kashvi Dyal,pallavi87@example.com,8487764234,Dubai,2025-04-26
CUST-10183,Yashvi Walia,qbakshi@example.org,+910515974603,Dubai,2026-04-11
CUST-10184,Ekalinga Arora,ronith87@example.com,+916802604822,Abu Dhabi,2025-07-07
CUST-10185,Gaurangi Kalita,ishadeshmukh@example.org,08994378044,Sharjah,2026-05-07
CUST-10186,Anay Bhalla,hemaldeshmukh@example.com,+917604468167,Sharjah,2024-08-06
CUST-10187,Kai Gupta,pmenon@example.com,09318660514,Dubai,2026-01-25
CUST-10188,Yutika Ahluwalia,lajitaratti@example.net,+914197766618,Sharjah,2025-04-21
CUST-10189,Meera Barad,okonda@example.com,3300718558,Dubai,2024-09-12
CUST-10190,Ati Bassi,nihal95@example.org,08540205202,Abu Dhabi,2024-12-23
CUST-10191,Ekta Date,harita78@example.org,02270993907,Ajman,2025-07-23
CUST-10192,Ekalinga Divan,sabharwalkamala@example.org,5332491223,Sharjah,2025-02-02
CUST-10193,Rushil Saxena,falaktrivedi@example.org,2145094212,Abu Dhabi,2025-01-06
CUST-10194,Anita Sundaram,gavin53@example.org,+913060321352,Dubai,2026-06-02
CUST-10195,Bhavna Kant,yachana70@example.net,01798956470,Ajman,2025-03-13
CUST-10196,David Sani,cnarayan@example.org,+910083848917,Ajman,2024-11-28
CUST-10197,Ojasvi Ben,dev96@example.com,+917882340117,Dubai,2025-01-01
CUST-10198,Yoshita Kulkarni,yauvanichoudhary@example.org,+910818886748,Dubai,2025-06-29
CUST-10199,Isaac Saini,ominhas@example.net,6653156596,Ajman,2026-04-20
CUST-10200,Qabil Keer,nmitra@example.org,8356607745,Sharjah,2025-04-17
CUST-10201,Zehaan Bhat,hgoswami@example.net,+919208192471,Sharjah,2024-11-10
CUST-10202,Avi Kumar,georgebhandari@example.org,+918497128976,Dubai,2025-11-21
CUST-10203,Advik Balakrishnan,ishitadugar@example.net,04044336827,Dubai,2026-01-21
CUST-10204,Jonathan Krish,oni92@example.org,08466603199,Sharjah,2025-10-18
CUST-10205,Nandini Parmer,mdeshpande@example.com,07112515890,Sharjah,2026-05-21
CUST-10206,Triveni Tandon,yashvigole@example.net,5894420774,Dubai,2026-01-20
CUST-10207,Chasmum Thakur,vbhatia@example.net,4997688619,Ajman,2025-09-21
CUST-10208,Benjamin Shukla,bhargavamichael@example.com,7620930740,Abu Dhabi,2025-10-28
CUST-10209,Vihaan Venkatesh,jsamra@example.net,+918181448236,Dubai,2025-03-24
CUST-10210,Nimrat Bakshi,anjalisangha@example.net,9154752405,Ajman,2024-06-30
CUST-10211,Zilmil Bhatnagar,christopher93@example.org,02646685688,Dubai,2024-10-11
CUST-10212,Rajata Sidhu,kashvi01@example.com,3662168111,Ajman,2025-04-15
CUST-10213,Nidhi Mangat,eboase@example.com,+913982011571,Dubai,2026-05-12
CUST-10214,Liam Dhingra,vasanayogi@example.org,0718886197,Sharjah,2025-08-01
CUST-10215,Daksha D’Alia,agarwalparth@example.net,6360741135,Ajman,2025-05-22
CUST-10216,Jackson Narayan,masonben@example.com,00843613257,Dubai,2025-02-06
CUST-10217,Chakrika Bhalla,gillchandresh@example.com,4840248795,Abu Dhabi,2024-12-28
CUST-10218,Faqid Kata,bhavini37@example.net,1728474248,Dubai,2024-07-07
CUST-10219,Vihaan Bose,bbatra@example.net,8735021197,Abu Dhabi,2026-03-11
CUST-10220,Jacob Dhingra,timothydyal@example.org,7092064452,Abu Dhabi,2025-09-30
CUST-10221,Warjas Lanka,tkaul@example.net,07495935350,Dubai,2024-08-14
CUST-10222,Jagdish Saini,ekapad39@example.com,07611231589,Sharjah,2026-06-29
CUST-10223,Edhitha Khalsa,udarshnagarajan@example.net,+912544574972,Ajman,2026-06-03
CUST-10224,Om Tank,qpillay@example.org,02443118111,Sharjah,2025-04-01
CUST-10225,Baghyawati Khosla,mdeo@example.org,8878301851,Dubai,2025-01-08
CUST-10226,Daniel Panchal,ckala@example.net,0056438256,Abu Dhabi,2025-05-08
CUST-10227,Ekavir Rana,shauryakala@example.net,05777413131,Ajman,2026-02-05
CUST-10228,Indira Rajagopal,raghav25@example.org,08756278304,Dubai,2025-07-03
CUST-10229,Abeer Loyal,harish07@example.org,0815769331,Dubai,2025-01-23
CUST-10230,Reyansh Ghosh,idesai@example.net,06019811926,Ajman,2026-05-19
CUST-10231,Meera Konda,brindaraju@example.net,+911418753322,Dubai,2025-09-10
CUST-10232,Faras Naik,omyalanka@example.org,08958113880,Abu Dhabi,2025-09-23
CUST-10233,Maanas Yadav,darurmi@example.org,08113970345,Sharjah,2025-09-29
CUST-10234,Urmi Mahal,neha17@example.org,8326167934,Sharjah,2024-09-04
CUST-10235,Triveni Buch,nandini78@example.net,+915622258490,Abu Dhabi,2025-05-25
CUST-10236,Janaki Chaudhuri,zayyan37@example.net,0757861173,Abu Dhabi,2024-08-13
CUST-10237,Ishanvi Sha,uchad@example.net,2702279845,Ajman,2026-02-22
CUST-10238,Yashodhara Bandi,karaansh@example.com,07572470100,Ajman,2025-07-03
CUST-10239,Ridhi Som,ynagar@example.org,+911888969427,Abu Dhabi,2025-08-26
CUST-10240,Radha Tripathi,gtak@example.org,5026944786,Ajman,2025-06-01
CUST-10241,Parth Kari,wyattbhasin@example.net,+916382223749,Sharjah,2026-02-10
CUST-10242,Mekhala Hans,yahvi51@example.com,04708611344,Abu Dhabi,2025-03-23
CUST-10243,Matthew Kulkarni,wyattkhanna@example.org,08311411773,Abu Dhabi,2024-09-23
CUST-10244,Osha Bhandari,sidhubimala@example.org,0002240845,Sharjah,2025-08-04
CUST-10245,Chakrika Gala,chandanimagar@example.net,+913394569188,Sharjah,2025-01-19
CUST-10246,Wazir Batta,yatan23@example.org,+914842880300,Sharjah,2026-01-22
CUST-10247,Lavanya Solanki,aayushrajagopal@example.net,04703248136,Ajman,2024-11-06
CUST-10248,Advika Dhar,nrajagopal@example.com,6582765208,Sharjah,2025-04-24
CUST-10249,Girik Dhillon,yadavi30@example.net,+912259343686,Sharjah,2025-06-23
CUST-10250,Lakshit Nayar,gsarkar@example.com,+910011903317,Ajman,2025-02-16
CUST-10251,Aarini Rattan,baradgeetika@example.com,+918008336952,Abu Dhabi,2024-12-24
CUST-10252,Farhan Mody,ebarad@example.com,+918770571588,Dubai,2026-05-27
CUST-10253,Rushil Kari,kalpitsrinivasan@example.net,06745404341,Abu Dhabi,2024-09-10
CUST-10254,Aashi Magar,hritikkurian@example.net,8990124524,Abu Dhabi,2025-11-21
CUST-10255,William Badal,dchada@example.com,+916589622426,Sharjah,2025-12-16
CUST-10256,Joshua Jayaraman,santlaban@example.org,+912405758967,Ajman,2025-06-15
CUST-10257,Vidhi Srinivas,pvasa@example.net,7394986942,Dubai,2025-12-23
CUST-10258,Kritika Saini,kharesamesh@example.net,7996456416,Ajman,2024-10-05
CUST-10259,Widisha Ramakrishnan,qwable@example.net,+917527199977,Dubai,2026-01-21
CUST-10260,Chandani Mammen,vedant87@example.com,+915038485266,Dubai,2024-07-24
CUST-10261,Amara Panchal,dugaldevika@example.com,+910727467486,Ajman,2024-10-19
CUST-10262,Ucchal Om,yauvani94@example.org,+918314260095,Ajman,2026-06-03
CUST-10263,Anvi Krish,kamala27@example.com,+911832601280,Abu Dhabi,2026-02-25
CUST-10264,Girish Karpe,samesh67@example.org,+918471235193,Dubai,2025-10-08
CUST-10265,Girik Sheth,zaitra11@example.org,09393142399,Sharjah,2025-12-21
CUST-10266,Vasudha Swamy,ravelanya@example.com,1182174927,Sharjah,2026-03-15
CUST-10267,Krisha Ramesh,tarakjha@example.org,1894606784,Ajman,2025-03-31
CUST-10268,Odika Sahota,joshua10@example.net,7490153156,Ajman,2025-02-24
CUST-10269,Anamika Chaudhuri,mghosh@example.net,+914161685810,Ajman,2025-11-24
CUST-10270,Geetika Chakraborty,faqidshukla@example.net,02178334595,Abu Dhabi,2025-03-05
CUST-10271,Wakeeta Ravel,aarnabutala@example.com,3802021472,Abu Dhabi,2024-10-15
CUST-10272,Omya Sarraf,tdixit@example.org,9572853486,Dubai,2025-09-17
CUST-10273,Damini Nagarajan,saramutti@example.org,+919352385294,Abu Dhabi,2025-03-06
CUST-10274,Darpan Batra,mammenganga@example.org,+916198608835,Ajman,2025-10-31
CUST-10275,Naksh Virk,faris98@example.org,06893691804,Abu Dhabi,2025-06-09
CUST-10276,Zarna Narain,shauryagaba@example.org,8882575621,Abu Dhabi,2024-10-13
CUST-10277,Chameli Sarna,radha64@example.net,+913785137783,Dubai,2024-12-10
CUST-10278,Mekhala Dixit,suradaniel@example.net,+915223413226,Abu Dhabi,2024-12-03
CUST-10279,Jeevika Panchal,ekbaldani@example.com,5288972033,Abu Dhabi,2024-12-30
CUST-10280,Chaaya Lall,hemangmody@example.org,7398229020,Abu Dhabi,2025-09-26
CUST-10281,Yashasvi Hayer,zaid92@example.org,08895662360,Sharjah,2025-07-11
CUST-10282,Hiral Issac,msubramanian@example.net,+912447747209,Sharjah,2025-02-01
CUST-10283,Hiral Patil,dvasa@example.net,02327447301,Sharjah,2024-07-04
CUST-10284,Kala Oak,dsahota@example.org,+918183891060,Sharjah,2024-10-24
CUST-10285,Manbir Ramesh,unnatiborde@example.com,2901992114,Sharjah,2024-10-18
CUST-10286,Rajata Mammen,nakul30@example.com,8750083986,Ajman,2025-08-01
CUST-10287,Ishanvi Bir,zarna81@example.com,06862391210,Ajman,2025-10-26
CUST-10288,Urvashi Sama,sacharonkar@example.com,4702019495,Abu Dhabi,2025-01-29
CUST-10289,Chatura Ratti,pnagarajan@example.org,4118384186,Abu Dhabi,2024-08-28
CUST-10290,Anjali Gokhale,parikhgavin@example.org,6232877826,Abu Dhabi,2024-12-23
CUST-10291,Kamala Cheema,ebatra@example.net,+917698123999,Ajman,2026-06-08
CUST-10292,Lekha Brahmbhatt,rishi43@example.net,5321859085,Dubai,2025-01-09
CUST-10293,Jalsa Chacko,pushti02@example.com,+918042107927,Dubai,2025-04-17
CUST-10294,Watika Chaudhary,wridesh16@example.net,+917888302288,Sharjah,2025-11-19
CUST-10295,Ayushman Doctor,kariaayush@example.com,3662782816,Abu Dhabi,2025-02-22
CUST-10296,Ishaan Bala,ikshita90@example.com,07803973906,Dubai,2025-06-21
CUST-10297,Caleb Kohli,skadakia@example.org,08365195500,Abu Dhabi,2026-06-03
CUST-10298,Frado Bose,basakjack@example.net,07087087496,Ajman,2026-02-02
CUST-10299,Wyatt Kapadia,keya01@example.org,8152422769,Sharjah,2025-10-09
CUST-10300,Brijesh Chhabra,avi35@example.org,+914610333381,Ajman,2025-05-29
CUST-10301,Samaksh Chakraborty,vedika81@example.net,+910500645268,Dubai,2026-01-26
CUST-10302,Dominic Sule,zmanne@example.org,03821066741,Dubai,2025-10-09
CUST-10303,Advay Ratti,gulatikritika@example.org,+919897804991,Dubai,2025-05-15
CUST-10304,Warhi Pai,boseaashi@example.org,+913272588453,Sharjah,2024-07-20
CUST-10305,Hritik Sampath,yboase@example.net,02471438667,Ajman,2024-11-06
CUST-10306,Tamanna Mangal,isaacrandhawa@example.net,2051190239,Sharjah,2024-11-19
CUST-10307,Anay Brahmbhatt,vrindashere@example.net,01218369650,Sharjah,2025-05-18
CUST-10308,Samar Sidhu,mjhaveri@example.com,1629087620,Sharjah,2024-09-06
CUST-10309,Caleb Narayanan,lakshitmohan@example.com,09412943543,Sharjah,2025-09-10
CUST-10310,Falan Bose,radhikaloke@example.com,4841940313,Dubai,2025-12-15
CUST-10311,Omaja Ray,anay14@example.org,1677904431,Abu Dhabi,2025-12-16
CUST-10312,Robert Verma,dsridhar@example.org,+914800300980,Ajman,2024-10-22
CUST-10313,Vansha Rai,sameshbumb@example.org,+911081935246,Dubai,2025-04-13
CUST-10314,Jagdish Sura,jackson31@example.org,01671935010,Sharjah,2024-09-29
CUST-10315,Arunima Memon,vamakshi24@example.com,4297582165,Sharjah,2025-12-14
CUST-10316,Daniel Majumdar,aashikalla@example.org,06317852178,Abu Dhabi,2025-10-21
CUST-10317,Robert Garde,sanayaborah@example.com,04290109114,Ajman,2025-10-25
CUST-10318,Bhavya Venkataraman,pdhar@example.com,01600828524,Sharjah,2024-10-22
CUST-10319,Zaid Bhatia,jdeo@example.com,7970447929,Sharjah,2024-07-31
CUST-10320,Mahika Chakrabarti,chanakya32@example.org,08546823940,Sharjah,2024-09-21
CUST-10321,Sara Chad,hemang70@example.org,08094404292,Sharjah,2024-10-20
CUST-10322,Anya Prabhakar,tkala@example.org,01173804915,Ajman,2024-07-04
CUST-10323,Triveni Tara,ridhi91@example.net,+911444395964,Dubai,2025-10-16
CUST-10324,Charita Dixit,bhavna42@example.org,+917761711991,Sharjah,2025-11-10
CUST-10325,Jagat Narayan,hayremadhavi@example.com,9821129988,Dubai,2024-11-13
CUST-10326,Indali Venkatesh,shettykala@example.com,08018135903,Abu Dhabi,2026-02-21
CUST-10327,Bhanumati Upadhyay,bachittarbali@example.com,5906623111,Sharjah,2025-05-01
CUST-10328,Gayathri Chaudry,kadakiaaarini@example.org,3383504279,Sharjah,2025-02-14
CUST-10329,Krish Parmar,veernagarajan@example.net,+914486876042,Ajman,2025-11-11
CUST-10330,Harsh Wali,apathak@example.org,02442168989,Ajman,2024-12-27
CUST-10331,David Shenoy,yagneshmukherjee@example.net,8472576313,Abu Dhabi,2026-01-04
CUST-10332,Onkar Bhavsar,nnair@example.com,01457494120,Ajman,2024-08-08
CUST-10333,Brijesh Bhargava,abatra@example.net,06632864621,Sharjah,2024-07-07
CUST-10334,Shivani Tandon,zilmil59@example.net,+918205914049,Ajman,2025-01-19
CUST-10335,Owen Reddy,manivritti@example.com,02229386261,Abu Dhabi,2025-10-10
CUST-10336,Urvi Sekhon,ryanwable@example.net,03578192829,Dubai,2025-09-26
CUST-10337,Udarsh Chad,ahluwaliamahika@example.org,09199990243,Ajman,2025-12-08
CUST-10338,Pahal Borra,mshere@example.com,1277092220,Sharjah,2025-07-16
CUST-10339,Yashodhara Bansal,neelmerchant@example.net,+911457057414,Dubai,2025-07-15
CUST-10340,Owen Dewan,miteshvala@example.net,8787438469,Ajman,2025-09-06
CUST-10341,Frederick Chad,janya95@example.org,8735086585,Ajman,2026-06-24
CUST-10342,Ishani Mandal,saminimrat@example.org,02287981341,Sharjah,2025-08-31
CUST-10343,Gaurika Chaudhry,brijeshpandey@example.org,3839022832,Ajman,2024-08-26
CUST-10344,Gautami Bala,georgedhaliwal@example.com,0731263210,Ajman,2025-06-04
CUST-10345,Laksh Tella,ssaran@example.org,01315894965,Sharjah,2025-11-25
CUST-10346,Jeremiah Magar,victor60@example.com,4632564834,Sharjah,2024-07-29
CUST-10347,Amrita Gour,geetikachandran@example.net,+913925265580,Ajman,2024-07-06
CUST-10348,Rushil Radhakrishnan,omajalad@example.com,+910492988989,Abu Dhabi,2026-06-02
CUST-10349,Anirudh Shroff,oeshi44@example.net,02897784872,Ajman,2025-05-31
CUST-10350,Pranit Gaba,hredhaan18@example.com,5640577067,Sharjah,2026-01-07
CUST-10351,Anay Sawhney,jailuthra@example.net,+912735066430,Sharjah,2025-01-29
CUST-10352,Rachana Deshpande,wpatla@example.org,1677494954,Dubai,2026-01-04
CUST-10353,Rushil Swamy,nbansal@example.org,01533078201,Dubai,2025-09-17
CUST-10354,Nakul Khanna,sudiksha78@example.com,9100058404,Sharjah,2025-06-02
CUST-10355,Jagrati Nagy,harinakshichoudhry@example.com,06759382806,Ajman,2025-01-23
CUST-10356,Pratyush Dave,yagnesh21@example.com,7082201409,Ajman,2025-07-20
CUST-10357,Oviya Kakar,eesha05@example.org,+914398459900,Ajman,2025-11-09
CUST-10358,Prisha Raj,gchoudhary@example.com,+910986119331,Ajman,2024-07-29
CUST-10359,Bishakha Buch,barkha39@example.net,05891717426,Abu Dhabi,2025-10-11
CUST-10360,Yutika Sarraf,mohantymohini@example.org,8064564216,Sharjah,2024-08-14
CUST-10361,Qarin Bajwa,ibora@example.org,+919174854816,Ajman,2024-11-07
CUST-10362,Amruta Kadakia,reva90@example.com,+918621650961,Ajman,2025-10-20
CUST-10363,Anirudh Sahni,aahananagy@example.net,04653533356,Abu Dhabi,2026-02-16
CUST-10364,Pooja Nagy,bdoctor@example.org,6608497613,Abu Dhabi,2025-02-13
CUST-10365,Omkaar Contractor,araghavan@example.net,04037641504,Dubai,2025-08-25
CUST-10366,Manthan Chander,unnibasak@example.com,2886409888,Dubai,2025-06-03
CUST-10367,Sai Sarna,bakhshisur@example.org,+919572307724,Ajman,2025-12-04
CUST-10368,Ekantika Naidu,naveen89@example.net,+911204598860,Abu Dhabi,2026-05-11
CUST-10369,Lipika Pingle,doraradha@example.net,+914633643361,Sharjah,2025-07-13
CUST-10370,Sanya Vala,reddychatresh@example.com,04140475144,Abu Dhabi,2024-09-18
CUST-10371,Zinal Walla,parikhekantika@example.net,+918961416049,Sharjah,2025-05-08
CUST-10372,Amol Bhatti,bganesh@example.net,+912970650585,Abu Dhabi,2024-09-07
CUST-10373,Raksha Bhagat,mohantywyatt@example.com,00708678065,Dubai,2025-10-20
CUST-10374,Maanav Gala,snehadin@example.net,3939202666,Ajman,2026-06-01
CUST-10375,Riya Sunder,advikavora@example.net,8491194447,Ajman,2025-05-07
CUST-10376,Zinal Gour,varmamanthan@example.org,05162594417,Abu Dhabi,2025-12-02
CUST-10377,Jacob Grewal,pchahal@example.net,08914493604,Sharjah,2024-10-03
CUST-10378,Tamanna Mitra,calebvaidya@example.org,+917646530910,Sharjah,2025-01-16
CUST-10379,Niharika Chawla,ryan84@example.com,+913002103160,Dubai,2026-01-07
CUST-10380,Jai Mital,gchacko@example.org,+911055571623,Sharjah,2025-07-29
CUST-10381,Baljiwan Muni,dhaliwalonveer@example.net,06710713027,Dubai,2025-03-22
CUST-10382,Netra Sathe,qnarasimhan@example.net,0872132194,Dubai,2024-12-02
CUST-10383,Dayamai Anand,korpalbalvan@example.net,+917256688857,Abu Dhabi,2026-03-08
CUST-10384,Sanya Keer,geetika02@example.com,09681393029,Ajman,2024-12-08
CUST-10385,Gabriel Saha,damyanti96@example.com,6190730385,Abu Dhabi,2026-01-02
CUST-10386,Vritti Khanna,lbhattacharyya@example.org,6167079676,Abu Dhabi,2025-10-20
CUST-10387,Samarth Reddy,hariishanvi@example.net,7730532043,Sharjah,2026-04-20
CUST-10388,Gabriel Salvi,wchand@example.net,06663752152,Abu Dhabi,2026-03-21
CUST-10389,Vanya Sawhney,daraojasvi@example.com,+918664294224,Abu Dhabi,2025-06-19
CUST-10390,Nicholas Chatterjee,jsarna@example.com,+918237928881,Dubai,2024-12-29
CUST-10391,Laban Srinivas,fariqbava@example.org,+914216506583,Sharjah,2024-08-14
CUST-10392,Vedant Sarin,zinalkorpal@example.com,02463943993,Ajman,2025-10-13
CUST-10393,Zaitra Palla,lbhattacharyya@example.org,7664231399,Ajman,2025-10-23
CUST-10394,Nathan Bajwa,bhavani03@example.com,+919492295320,Sharjah,2024-07-07
CUST-10395,Lucky Palla,pranavdass@example.com,05540542250,Ajman,2026-03-16
CUST-10396,Lekha Sampath,manixalak@example.org,09434044038,Ajman,2025-12-01
CUST-10397,Gagan Lala,vmistry@example.net,01986584829,Dubai,2025-06-24
CUST-10398,Mitali Ahluwalia,majumdarbhavya@example.net,5351208941,Dubai,2026-03-31
CUST-10399,Falguni Sathe,vsengupta@example.com,7119887065,Dubai,2024-10-01
CUST-10400,Darika Choudhury,urmi27@example.com,+911975732772,Abu Dhabi,2025-01-24
CUST-10401,Radha Natt,wakeeta91@example.org,04157939724,Dubai,2026-06-14
CUST-10402,Saksham Bobal,gautamgarg@example.org,4924673379,Sharjah,2024-11-29
CUST-10403,Osha Sangha,maanavdhawan@example.net,4014439436,Dubai,2026-04-22
CUST-10404,Hemang Savant,indrajit47@example.net,4814913778,Dubai,2024-07-11
CUST-10405,Yashodhara Vig,hemang96@example.org,6209673843,Sharjah,2026-01-01
CUST-10406,Zansi Reddy,tankpranav@example.com,+910908548082,Abu Dhabi,2024-08-22
CUST-10407,Yash Gola,radha62@example.net,9991811751,Dubai,2024-10-02
CUST-10408,Mitali Sarraf,cguha@example.org,+915679057410,Ajman,2025-07-15
CUST-10409,Champak Prabhakar,isaac05@example.org,01442314133,Dubai,2024-09-11
CUST-10410,Yagnesh Chandran,rmanda@example.net,00352689783,Ajman,2026-03-12
CUST-10411,Balvan Ravel,kabirpradhan@example.com,05702963690,Ajman,2024-10-09
CUST-10412,Pahal Sagar,maya05@example.com,8621170960,Abu Dhabi,2025-08-22
CUST-10413,Theodore Wagle,anita66@example.com,05507481168,Ajman,2024-11-21
CUST-10414,Theodore Gara,kashvinori@example.net,+917902930245,Dubai,2025-02-23
CUST-10415,Rachit Rajan,vkeer@example.net,+913994182472,Dubai,2024-07-26
CUST-10416,Agastya Din,dattaleela@example.net,05725465483,Sharjah,2025-10-09
CUST-10417,Oni Sehgal,nidhi50@example.net,+918496732768,Sharjah,2026-01-16
CUST-10418,Zashil Shroff,varsha22@example.net,08624044900,Abu Dhabi,2026-06-25
CUST-10419,Gabriel Deep,rkumar@example.org,7804187202,Abu Dhabi,2024-09-06
CUST-10420,Rachit Upadhyay,gokhalechanchal@example.net,+919258901551,Dubai,2024-10-26
CUST-10421,Maanav Zacharia,akshay51@example.net,+913676871048,Ajman,2025-07-06
CUST-10422,Unnati Kade,jagdishganesh@example.com,+910057630957,Sharjah,2025-05-12
CUST-10423,Nidhi Chhabra,balvangulati@example.net,08320893474,Ajman,2025-10-11
CUST-10424,Azaan Kannan,sahnirehaan@example.org,4140272785,Ajman,2025-04-09
CUST-10425,Rachita Uppal,vincent85@example.org,8186185789,Ajman,2026-01-06
CUST-10426,Harshil Sen,ibali@example.com,04309889668,Ajman,2024-12-15
CUST-10427,Nikita Guha,gauribuch@example.org,02373927907,Ajman,2026-02-04
CUST-10428,Daksha Hans,yashasvidey@example.com,7275560683,Abu Dhabi,2024-09-05
CUST-10429,Charles Sidhu,ladazaan@example.com,06423048858,Dubai,2024-09-05
CUST-10430,Maanas Rattan,lajita24@example.net,07046915645,Ajman,2025-09-11
CUST-10431,Charvi Kar,rajatachar@example.org,+914904844522,Dubai,2025-05-17
CUST-10432,Sarthak De,wsaini@example.org,00170919879,Ajman,2025-04-19
CUST-10433,Gautami Sachdev,omaster@example.com,03616113967,Dubai,2024-09-12
CUST-10434,Vedika Merchant,sidhuishanvi@example.com,07686280656,Abu Dhabi,2024-09-26
CUST-10435,Aachal Mangat,vsagar@example.org,02123817052,Ajman,2025-12-24
CUST-10436,Lavanya Zachariah,duaijaya@example.net,08064742994,Ajman,2026-06-09
CUST-10437,Triya Patil,shawarjas@example.org,6376983688,Sharjah,2026-01-16
CUST-10438,Zansi Chaudhari,ekapur@example.org,6702116309,Dubai,2025-10-29
CUST-10439,Leena Mistry,vgour@example.net,+913246507402,Abu Dhabi,2024-11-26
CUST-10440,Chaman Mane,shankarbalhaar@example.org,8550687754,Dubai,2025-04-12
CUST-10441,Oviya Shetty,ranveersur@example.org,+917829025449,Abu Dhabi,2025-03-14
CUST-10442,Bimala Bawa,masontak@example.net,08398879125,Dubai,2024-08-21
CUST-10443,Siya Banik,rupadhyay@example.net,3408075159,Dubai,2025-05-14
CUST-10444,Rehaan Amble,ujani@example.org,+918236325697,Dubai,2026-06-11
CUST-10445,Michael Munshi,rachita40@example.net,4934837508,Sharjah,2024-11-29
CUST-10446,Niharika Om,sulegauri@example.com,08067267820,Sharjah,2026-06-10
CUST-10447,Anika Dutta,udugar@example.net,00563055749,Sharjah,2026-04-12
CUST-10448,Arya Nagar,alka33@example.org,01676505287,Abu Dhabi,2025-10-08
CUST-10449,Krishna Joshi,horaparth@example.com,0687870480,Abu Dhabi,2024-06-30
CUST-10450,Avni Vyas,ira03@example.org,+914861470598,Dubai,2025-05-11
CUST-10451,Gaurangi Kapoor,bimala38@example.net,+918985039828,Dubai,2025-01-11
CUST-10452,Aarush Kala,hemangini39@example.com,07387620117,Dubai,2026-04-07
CUST-10453,Girik Saha,gagan21@example.net,8155880170,Sharjah,2025-04-30
CUST-10454,Daniel Sood,sahaabdul@example.org,3543740730,Dubai,2025-12-14
CUST-10455,Falan Venkatesh,rprasad@example.org,1217081779,Dubai,2024-12-28
CUST-10456,Kamala Pant,janaki51@example.net,+912929159817,Abu Dhabi,2024-08-04
CUST-10457,Tanish Majumdar,ayushmanpatla@example.org,+912905833353,Abu Dhabi,2024-11-02
CUST-10458,Amara Bhatia,badalabhiram@example.net,06472449799,Ajman,2025-10-20
CUST-10459,Dayita Sandhu,chandran00@example.org,05647914343,Abu Dhabi,2024-08-07
CUST-10460,Januja Mitter,lkant@example.org,3176077828,Ajman,2024-09-04
CUST-10461,Daksha Soman,samakshprashad@example.net,+912358525846,Sharjah,2024-10-25
CUST-10462,Aahana Zacharia,thomas27@example.net,0508415109,Ajman,2025-10-28
CUST-10463,Daksha Prabhakar,bhavna52@example.org,+910626299762,Ajman,2024-07-19
CUST-10464,Mugdha Batta,bhanumatimital@example.net,04307886817,Ajman,2025-11-29
CUST-10465,Chandran Mammen,davewridesh@example.com,+917975639111,Dubai,2024-11-30
CUST-10466,Raghav Bakshi,mkade@example.com,09715860893,Ajman,2026-03-20
CUST-10467,Zaitra Rama,finndatta@example.net,08338381089,Dubai,2025-11-03
CUST-10468,Faras Raman,radhacomar@example.org,2215587561,Dubai,2025-01-09
CUST-10469,Ishaan Maharaj,amangat@example.org,09746479756,Abu Dhabi,2026-03-30
CUST-10470,Ladli Suri,wgera@example.org,7724958013,Sharjah,2025-02-28
CUST-10471,Peter Savant,chaaya99@example.net,+918966241020,Sharjah,2024-09-17
CUST-10472,Mitesh Joshi,keerekanta@example.com,5827628775,Abu Dhabi,2025-11-20
CUST-10473,Upadhriti Mitter,ftaneja@example.com,06591480567,Ajman,2026-02-06
CUST-10474,Yashica Seshadri,wadhwajeet@example.org,+916093919905,Dubai,2025-08-27
CUST-10475,Janya Choudhury,noah01@example.org,2726381921,Ajman,2026-03-02
CUST-10476,Advika Shere,gaurikumar@example.net,08504601898,Sharjah,2025-06-23
CUST-10477,Anusha Viswanathan,kotazaitra@example.org,6412997981,Dubai,2026-04-18
CUST-10478,Triya Wagle,wriddhishmangal@example.net,6603350201,Abu Dhabi,2026-01-11
CUST-10479,Qasim Mann,aryamohan@example.org,+910686778553,Abu Dhabi,2024-09-28
CUST-10480,Bhanumati Nanda,max63@example.net,+916783131018,Abu Dhabi,2024-11-12
CUST-10481,Madhavi Tandon,yashodhara80@example.com,08562889424,Dubai,2024-12-16
CUST-10482,Aradhana Jhaveri,ksachar@example.net,04058334033,Dubai,2024-11-17
CUST-10483,Ranveer Cherian,kkrishna@example.com,7540301902,Dubai,2025-05-10
CUST-10484,Darsh Dhawan,vinayashroff@example.org,9560746448,Ajman,2024-10-07
CUST-10485,Hamsini Varghese,nathan56@example.org,+918393248623,Abu Dhabi,2026-03-05
CUST-10486,Gautami Rajan,ekapadcontractor@example.org,3535438669,Dubai,2026-03-26
CUST-10487,Shivani Boase,periwishi@example.net,09976982915,Abu Dhabi,2026-01-25
CUST-10488,Kai Talwar,hardikshetty@example.net,+916685988292,Ajman,2025-02-18
CUST-10489,Thomas Cheema,dhruv94@example.net,05237306751,Ajman,2025-09-09
CUST-10490,Nisha Warrior,dev94@example.org,+916692208770,Ajman,2025-02-23
CUST-10491,Sudiksha Ahluwalia,ekalingamuni@example.net,7638550538,Sharjah,2025-07-01
CUST-10492,Aahana Prashad,devikanarayanan@example.net,05562747215,Dubai,2024-12-13
CUST-10493,Nitesh Pant,gokhalearin@example.com,1040543013,Ajman,2026-06-09
CUST-10494,Sara Borde,olala@example.org,+919348812655,Ajman,2025-03-25
CUST-10495,Wyatt Mani,gautammisra@example.com,+919411919825,Dubai,2025-11-21
CUST-10496,Xiti Hans,krishnamurthygautami@example.com,+910446920658,Ajman,2025-11-14
CUST-10497,Vamakshi Dutta,arunima57@example.net,00296616079,Abu Dhabi,2026-04-12
CUST-10498,Nandini Ahluwalia,smann@example.net,08360337784,Abu Dhabi,2026-06-29
CUST-10499,Laksh Chacko,ibadal@example.org,06985639353,Abu Dhabi,2025-07-30
